<?xml version="1.0" encoding="UTF-8"?>
<metadata xml:lang="en"><Esri><CreaDate>20201127</CreaDate><CreaTime>17185600</CreaTime><ArcGISFormat>1.0</ArcGISFormat><ArcGISstyle>ISO 19139 Metadata Implementation Specification GML3.2</ArcGISstyle><SyncOnce>TRUE</SyncOnce><DataProperties><lineage><Process ToolSource="c:\program files (x86)\arcgis\desktop10.8\ArcToolbox\Toolboxes\Data Management Tools.tbx\CalculateField" Date="20201124" Time="141742">CalculateField RW_ACUAN Status_Kum "Tidak Kumuh" VB #</Process></lineage><itemProps><itemLocation><linkage Sync="TRUE">file://\\MSI\D$\WORK\DIGIREG\RnD\JAKITE\OUTPUT\ALL\RW_ACUAN</linkage><protocol Sync="TRUE">Local Area Network</protocol></itemLocation></itemProps><copyHistory><copy source="D:\WORK\DIGIREG\RnD\JAKITE\BATAS_RW_ACUAN\RW_ACUAN" dest="\\MSI\D$\WORK\DIGIREG\RnD\JAKITE\OUTPUT\ALL\RW_ACUAN" date="20201127" time="17185600"></copy></copyHistory></DataProperties></Esri></metadata>
