<?xml version="1.0" encoding="UTF-8"?>
<metadata xml:lang="en"><Esri><CreaDate>20210625</CreaDate><CreaTime>13265700</CreaTime><ArcGISFormat>1.0</ArcGISFormat><SyncOnce>TRUE</SyncOnce><DataProperties><lineage><Process ToolSource="c:\program files (x86)\arcgis\desktop10.7\ArcToolbox\Toolboxes\Data Management Tools.tbx\CreateFeatureclass" Date="20210315" Time="164234">CreateFeatureclass "D:\PhD\OneDrive - Universiteit Twente\Documents\ArcGIS\Default.gdb" GenerateTessellation2 POLYGON # DISABLED DISABLED "PROJCS['WGS_1984_UTM_Zone_48S',GEOGCS['GCS_WGS_1984',DATUM['D_WGS_1984',SPHEROID['WGS_1984',6378137.0,298.257223563]],PRIMEM['Greenwich',0.0],UNIT['Degree',0.0174532925199433]],PROJECTION['Transverse_Mercator'],PARAMETER['False_Easting',500000.0],PARAMETER['False_Northing',10000000.0],PARAMETER['Central_Meridian',105.0],PARAMETER['Scale_Factor',0.9996],PARAMETER['Latitude_Of_Origin',0.0],UNIT['Meter',1.0]];-5120900 1900 450445547,391054;-100000 10000;-100000 10000;0,001;0,001;0,001;IsHighPrecision" # 0 0 0</Process><Process ToolSource="c:\program files (x86)\arcgis\desktop10.7\ArcToolbox\Toolboxes\Data Management Tools.tbx\AddField" Date="20210315" Time="164234">AddField "D:\PhD\OneDrive - Universiteit Twente\Documents\ArcGIS\Default.gdb\GenerateTessellation2" GRID_ID TEXT # # 12 # NULLABLE NON_REQUIRED #</Process><Process ToolSource="c:\program files (x86)\arcgis\desktop10.7\ArcToolbox\Toolboxes\Data Management Tools.tbx\GenerateTessellation" Date="20210315" Time="164234">GenerateTessellation "D:\PhD\OneDrive - Universiteit Twente\Documents\ArcGIS\Default.gdb\GenerateTessellation2" "692475,8 9311231,00000056 709464,999999999 9323084,20000056" SQUARE "1 SquareKilometers" "PROJCS['WGS_1984_UTM_Zone_48S',GEOGCS['GCS_WGS_1984',DATUM['D_WGS_1984',SPHEROID['WGS_1984',6378137.0,298.257223563]],PRIMEM['Greenwich',0.0],UNIT['Degree',0.0174532925199433]],PROJECTION['Transverse_Mercator'],PARAMETER['False_Easting',500000.0],PARAMETER['False_Northing',10000000.0],PARAMETER['Central_Meridian',105.0],PARAMETER['Scale_Factor',0.9996],PARAMETER['Latitude_Of_Origin',0.0],UNIT['Meter',1.0]];-5120900 1900 450445547,391054;-100000 10000;-100000 10000;0,001;0,001;0,001;IsHighPrecision"</Process><Process ToolSource="c:\program files (x86)\arcgis\desktop10.7\ArcToolbox\Toolboxes\Data Management Tools.tbx\CalculateField" Date="20210324" Time="094526">CalculateField entirely_covered prio 0 VB #</Process></lineage></DataProperties></Esri></metadata>
